index,reviewId,content,score,at,bank
0,c7f14167-31f9-4fec-bf3e-5997616a9dfe,it fast service,5,2025-09-29,Dashen Bank
1,fea7ddf0-9823-4b17-8885-7694e0a1237a,ሙነጃት አብድላ ሸረፍ,2,2025-09-30,Dashen Bank
2,e7f1ebae-d2de-4e91-a920-92d2b5df4c3d,nice app,5,2025-09-30,Dashen Bank
3,fe52deb6-a04e-457e-a84a-4946e5c13f89,this app is outstanding,5,2025-10-01,Dashen Bank
4,8fcb61bb-c476-4963-9ce7-8520c21fdb32,I really appreciate but we can't use it if don't have balance or data access,2,2025-10-01,Dashen Bank
5,ca1bd0cc-d7e8-461f-89c9-f7493cb9c23d,totally bad,1,2025-10-01,Dashen Bank
6,befc23dd-22be-4039-ab16-311ebf096360,It takes gazillion years to open 😶,3,2025-10-02,Dashen Bank
7,29cefc71-17c5-4da9-b52d-14ea873c14fc,withdraw,1,2025-10-02,Dashen Bank
8,4405edcc-29c2-4606-9119-32fd60425503,App is passive when compare to Amole it takes 3-5 seconds to open and i cannot refresh transactions what i did.,1,2025-10-03,Dashen Bank
9,98f164eb-f69b-4bd7-ad2d-defcfa2249a1,I can't open virtual account.I have been trying it for about 3 days still no resolve.,2,2025-10-04,Dashen Bank
10,57d4668e-fea7-4959-9bfa-94ef44056c71,tadesa melka tulluu,1,2025-10-04,Dashen Bank
11,b8460ed9-6fc3-4641-8e95-169ed65ef8ee,wow,5,2025-10-04,Dashen Bank
12,8a4c8a02-5cf7-48f5-a9c6-b9dc12a9bd4f,for dashen bankk it is best app so why your bank onlyu one one app for mobile banking that means superr app,5,2025-10-05,Dashen Bank
13,92c02ccf-dc16-4085-a570-ba0db7e1c8b2,good,5,2025-10-06,Dashen Bank
14,fded7d2d-d728-45d8-bbff-d921bb72b84c,"@Shewangizaw L. As a heavy user of the app , the issue you raised around resetting pass pin concerned me and gave it a try and found it to be safe. Basically the app will do two things: verifies one using an otp and then requires an in-person visit to bank's physical branch for final verification after resetting the password. Therefore, safe to use! I wish ""i""nformational tip was added around the reset button. Could not attach screenshot.",4,2025-10-06,Dashen Bank
15,dc05323e-52e8-456d-b11d-723ad497bb76,perfect,5,2025-10-06,Dashen Bank
16,1b877d16-56c5-4310-ab75-0f9e6491b679,👎👎👎👎👎👎👎👎 connection not fast,5,2025-10-07,Dashen Bank
17,530dd237-64b5-4402-812f-39790e254ca7,hayelu Beranu Bashre,5,2025-10-07,Dashen Bank
18,a4024312-1bfc-4942-bab2-89a8800248ff,Finish the app development fully before you give the final result. It's is very inconvenient and not that reliable at the moment.,1,2025-10-08,Dashen Bank
19,7d17e2b7-b9f7-4020-896d-43519468918f,good,5,2025-10-10,Dashen Bank
20,71b44fde-a457-4a5d-bd21-cee994689ee2,nice and best,5,2025-10-10,Dashen Bank
21,78a694a1-8f38-4796-a4fc-0310a8c0a031,it is the best,5,2025-10-11,Dashen Bank
22,295d2079-821b-4b20-aaf4-736ba7cb2677,very good,1,2025-10-11,Dashen Bank
23,e20159de-996c-4fc5-9474-e63518140932,meseret birara,5,2025-10-12,Dashen Bank
24,86f17281-1a7a-4ae7-be9f-c2130ab31b88,it doesn't let me open my account,1,2025-10-12,Dashen Bank
25,ac57d562-3e2e-476a-a7fa-5433d1ed321e,lmo,5,2025-10-13,Dashen Bank
26,7426cf04-4823-4217-9cb9-1ba06be0f137,easy,5,2025-10-14,Dashen Bank
27,8921bc6d-74d6-4680-a63e-e57e70ea4b68,Best application,5,2025-10-14,Dashen Bank
28,32334fdd-91e8-4308-a104-bd3291119b05,"Dashen SuperApp is the worst app for me because it consistently fails during transfers. When I try to send money, the transaction freezes for extended periods—sometimes a full day, and often two or three days or more. Crucially, the funds are neither delivered to the recipient nor immediately refunded to my account, which is incredibly frustrating and makes me feel like I've lost my money. The app urgently needs a technical update to ensure transactions process smoothly and reliably.",1,2025-10-14,Dashen Bank
29,33904fae-7879-41ca-be3c-4404345cece6,abdrug bentahuuuu,3,2025-10-17,Dashen Bank
30,b5cdf35c-3557-4d24-b745-5fba84d615d9,I like it,5,2025-10-18,Dashen Bank
31,dd62498b-d256-495f-8251-683626113991,it is Excellent April jest continue more abeaten.....,4,2025-10-19,Dashen Bank
32,e1d422df-940c-4d01-ad57-d42f3cd1a650,Good,4,2025-10-21,Dashen Bank
33,f7a77123-8426-440e-afa9-d3e7a0bcc8fd,convinent,5,2025-10-22,Dashen Bank
34,5cf2f96d-65d1-4c59-bc53-9ba932c4c57b,"The UI is impressive, but adding an ATM withdrawal feature for cardless cash access would enhance functionality. This may require updates to the ATM system as well. Please consider this, dev team.",4,2025-10-22,Dashen Bank
35,74f35e55-6ee7-4d01-bc8a-e5b3c92a6b70,"Super Up is the ultimate digital banking app, living up to its name with speed, efficiency, and innovation. Designed for a seamless experience, it offers lightning-fast transactions, top-tier security, and effortless financial management. With Super Up, banking has never been this smooth, smart, and super!",5,2025-10-27,Dashen Bank
36,c68cdc01-a66b-40fe-a6b7-cbb1487156f4,"The design is clean and modern, and everything works smoothly without bugs. I love how reliable the app is it makes banking so convenient.",5,2025-10-28,Dashen Bank
37,be6dc291-6fb0-427b-8553-d735553e3313,"A true banking super app! The Dashen Super App combines great design, security, and an impressive range of features. Highly recommended for anyone looking for a complete digital banking experience.",5,2025-10-28,Dashen Bank
38,9f1611c8-4469-40f3-9b6e-2736c5c13f4e,"​I appreciate that this app allowed me to access multiple services in one centralized place. Thank you, Dashen Bank!",5,2025-10-28,Dashen Bank
39,db4710e2-0fb3-459c-a3a5-69445d4cb270,"This app makes my day-to-day payments so easy. Everything works perfectly, and it saves me a lot of time.",5,2025-10-28,Dashen Bank
40,6cbe56f6-0aff-4ee7-a7fe-2c1ccf6244e4,It’s impressive how consistently the app is improving. I’ve been using it for months and they have improved a lot in terms of not only beauty but also performance wise.,5,2025-10-28,Dashen Bank
41,211b2b4d-826d-4192-9fa8-25d7e38c7666,"Dashen superapp just keeps improving. The new theme options are beautiful, and the overall experience is faster and smoother than ever",5,2025-10-28,Dashen Bank
42,1ee92e14-11e6-4db1-8a6c-a627e42c2089,"The app has evolved impressively over time. The latest release adds dark and light modes that enhance usability and design. It’s intuitive, modern, and clearly built with the user in mind — setting a new benchmark for digital banking.",5,2025-10-28,Dashen Bank
43,593462a4-2b65-4980-a492-9eeef5f116ca,"Dashen Super App is a game-changer with its sleek, user-friendly interface. Lightning-fast responses and seamless navigation make every task a breeze. Love the organized layout and clear features that save time daily. Fantastic work—highly recommended for effortless banking!",5,2025-10-28,Dashen Bank
44,3677b2d7-95ab-4c95-87af-ef1d3edb674e,I have been using this app for months and its easy to use and is user friendly thanks Dashen bank.,5,2025-10-28,Dashen Bank
45,5b430dc9-06e5-4015-a4cb-7c671ff8ae9c,This app has replaced several others for me. It has everything I need in one place.,5,2025-10-28,Dashen Bank
46,ddeb6fa8-f5c7-46d1-b75d-914ce9f0c460,"I’ve been using the the App, and it’s been working really well for my daily transactions. Good work 👌",5,2025-10-28,Dashen Bank
47,99b53c3c-9074-448a-8dd4-4d0ecf85e835,stunning UI with reliable service!,5,2025-10-28,Dashen Bank
48,29976e59-78c6-40e6-bc2a-6ba6e9959a09,"I rarely leave reviews, but this app truly deserves one. It’s efficient, secure, and makes financial tasks effortless. Definitely a 5-star experience",5,2025-10-28,Dashen Bank
49,9dd2a5b8-d258-4f07-b8ef-c95c4d1e3a23,Astonishing interface with ease of access and complete performance,5,2025-10-28,Dashen Bank
50,3628b279-490b-4784-a3ce-d776a20e1bd5,The updated design looks amazing. I really appreciate being able to switch between dark and light mode it’s a small change that makes a big difference!,5,2025-10-28,Dashen Bank
51,90d2468b-101a-4006-ae49-d07185b49594,"Finally, banking made simple! Everything I need is in one super app. A true game changer for managing my finances on the go.",5,2025-10-28,Dashen Bank
52,0d789c56-bdf8-489e-8f96-c6508734fade,This is one of the most user friendly and impressive apps I have encountered in the banking sector,5,2025-10-28,Dashen Bank
53,9188bb05-84eb-4c73-a234-31c0b5d503b7,"This is amazing app, as it name ,truly supper.",5,2025-10-28,Dashen Bank
54,8cd152ac-79ad-4248-8a85-574943011aa6,I love the new dark theme it gives the app modern feel n make it more comfortable to use,5,2025-10-28,Dashen Bank
55,5c592442-a2c0-4290-95d8-93a1362b4f10,"I appreciate how secure this app feels. Every transaction comes with confirmation, and I always get alerts immediately.",5,2025-10-28,Dashen Bank
56,86b26648-6711-4439-a44d-55e9aa090353,"Amazing UI and UX, the dark mode looks absolutely awesome!",5,2025-10-28,Dashen Bank
57,1e3e6da6-3485-42a0-bad9-33ae040acb12,viry good,5,2025-10-29,Dashen Bank
58,57912538-8398-4446-95f5-85a0c28e7a98,it is the worst app ever istg 🤮🤮🤮,1,2025-10-29,Dashen Bank
59,163201b7-323d-4462-850b-c8453dfcb4cf,"Dashen Bank Super App is incredibly convenient! Easy to use, fast, and reliable – a great app to manage everything in one place.",5,2025-10-29,Dashen Bank
60,e938df24-05ce-4d22-adcc-ae6d3a74d22a,Excellent promotion,5,2025-10-30,Dashen Bank
61,99b90e10-84e8-4a3d-b564-b6b1fc10698e,what your emplyees tell as about the app when they came to our store and what actually the app is different,1,2025-10-30,Dashen Bank
62,3dff5082-039f-40a3-8d75-11dbf6ed6f44,very nise good,5,2025-10-30,Dashen Bank
63,a0165d49-aca9-41e3-929f-ef67fccf3f56,"it's seems to have some improvements, I don't know what's going on with this app sometimes get collapseed. This is not expected from Dashen bank, which is amongst from famous and greatest banks.",1,2025-10-30,Dashen Bank
64,322b8846-bfa9-46cc-bd78-3764c23d0c37,good,5,2025-10-30,Dashen Bank
65,8e7a821b-fa3e-4d69-aaed-7ef7e4bc9019,very interesting,5,2025-10-30,Dashen Bank
66,a2b10118-101d-4ee3-ad6f-61980614aa3b,app is too slow not opening fast,1,2025-10-31,Dashen Bank
67,59498129-d37f-4693-a7e7-834300661621,"I just updated my app to the latest version and I couldn't even see my balance, send money or do anything. It says service is unavailable and it will be fixed soon.",5,2025-11-01,Dashen Bank
68,d099e425-3a97-47f7-b671-520b735f3b3d,Nice app,5,2025-11-01,Dashen Bank
69,34e38910-0b27-4048-954e-82aa66d61c43,"This might be the worst banking app I've ever used I dont know why kind of bug it is but suddenly the apps stops working it says ""Temporarily unavailable"" for a simple feature like viewing account balance and in person visit was no help it took them longer than 2 hours to fix it and even after that 2 weeks later the same problem just because of this I'm going to stop using the bank altogether which is a shame because it's a decent bank",1,2025-11-01,Dashen Bank
70,9f025499-c17d-4452-bb71-3c2b7b1c4500,"Before the recent update, this app was great. Now, the home page is cluttered with promotions and banners, which really hurts the experience. I think the app stopped being banking app and started only to promote b/c 95% of the app is only ads, also full of bugs",1,2025-11-01,Dashen Bank
71,2ccfdda8-3a7e-4c83-a336-837799716a01,it's too slow,1,2025-11-01,Dashen Bank
72,0867ee2a-6b98-47c6-9331-8551a0d893c7,ብዙ ነጉር ይቀረዋል ወደ አፑ ስገባ በጣም ይዘገያል ባጭሩ ቀርፋፋ ነው,4,2025-11-02,Dashen Bank
73,2abe9685-d09b-407a-9f01-1acdab932ded,Amazing,5,2025-11-03,Dashen Bank
74,b9c85a77-6315-4df3-844d-63d6e0fba45b,wow dashen bank,5,2025-11-03,Dashen Bank
75,360a6c12-d948-4ce0-aea6-267b8eaaa743,it has improved very much lately its working more and getting better but yet it is not fully fixed some time at night it doesn't work..i think the problem is it was launched too early.,3,2025-11-04,Dashen Bank
76,8ffcaec9-4351-4cc7-973c-1d86365894f0,"i rarely leave reviews, but this app truely deserves one.it's efficient ,secure , reliable and makes fanancial tasks effortless.definitely 5 stars for this exceptional app",5,2025-11-04,Dashen Bank
77,ba74c62f-ad24-42ab-bbdf-b56a765ba124,Dashen Bank Super App is the latest version of online banking system that is the gift from Dashen bank for us Thanks to Dashen,5,2025-11-04,Dashen Bank
78,8eb02f5b-df9f-420c-b3b8-834820e32c3c,it's so boring,1,2025-11-04,Dashen Bank
79,e0bb7d0a-fe46-4423-b26d-c9ad4a40afc2,Good,5,2025-11-04,Dashen Bank
80,d4d30d69-4b0a-4ad0-8430-7aa85f6467e6,its supper,5,2025-11-04,Dashen Bank
81,362b7c91-55d7-45f5-bcd5-7088f6b09e3a,"The Dashen Super App is very impressive. It is fast, easy to use, and provides smooth access to all essential banking services. Money transfer, bill payment, balance check, and other features work efficiently without issues. The design is clean and user-friendly. Great step forward in digital banking — keep up the good work, Dashen Bank!",5,2025-11-05,Dashen Bank
82,6865f69e-cc69-42db-941a-85cc16ce6bf8,betam kerfafa naw,1,2025-11-05,Dashen Bank
83,b91bcd0e-b1b1-42f1-acbb-9445f701adf3,exceptional,5,2025-11-05,Dashen Bank
84,2e58305b-5b99-4fc5-b4f0-1be5623a0558,worst app ever,1,2025-11-05,Dashen Bank
85,6bf6ad8e-bd05-454f-ac8f-fc11c1aeedb5,"Dashen, always two step ahead.",5,2025-11-05,Dashen Bank
86,423d9266-c93e-436a-9a41-3a18a1f020ad,👍,5,2025-11-05,Dashen Bank
87,703187ba-cd29-46c8-9bdf-bdfd54668e67,i am using,5,2025-11-05,Dashen Bank
88,7bf9a8a8-2718-4a3b-85f0-3ac3b628ec84,It is a wonderful App developed by a local talent. It deserves an appreciation. It will continue to evolve with new exciting features.,5,2025-11-05,Dashen Bank
89,e6ada560-df66-4170-b0cb-e04a65ead451,wonderful app,5,2025-11-05,Dashen Bank
90,d18aa410-4dc1-4c26-8f7d-a866f5b498ba,"i love the app it features are perfect, but it asks to update too many times to activate your need to visit a nearest branch and that takes time. other than that the app is great I like it",5,2025-11-05,Dashen Bank
91,b23ea516-d92d-4e3b-88d4-d0bc679d23cb,go ahead,5,2025-11-05,Dashen Bank
92,e2e4f955-c79a-4192-a71e-950a3fde3907,"Please try to fix the barrier between other banks specially with ""Commercial bank of Ethiopia""",3,2025-11-05,Dashen Bank
93,b47d9d1d-7a70-4074-833d-2c1056dda3a0,amzing,5,2025-11-06,Dashen Bank
94,80a217d4-a389-40ab-bd17-b6c164c76aaa,"not attractive and friendly app. Check Awash, CBE apps",1,2025-11-06,Dashen Bank
95,f5360419-4441-4084-a1c2-eb9b07206b36,"12yr more LC, UCP & ICC & loan",5,2025-11-06,Dashen Bank
96,215de933-fc3e-45ce-9bd9-b7d6d113c8c3,"easy to use, friendly",5,2025-11-06,Dashen Bank
97,84e34f1c-ea3e-439c-8076-f8804fa9b556,wooow,5,2025-11-07,Dashen Bank
98,34c15681-d4e1-4690-b330-13b138d9adf2,"Amazing app, 👏",5,2025-11-07,Dashen Bank
99,25ea2324-c911-4710-b2f0-4f5115675cbe,Nice app,5,2025-11-07,Dashen Bank
100,b1450711-16b6-4649-abcd-19bfc90d87d4,best,5,2025-11-07,Dashen Bank
101,4cdd9b19-e553-4afb-93c9-270d15315c28,ok,5,2025-11-08,Dashen Bank
102,1f2786d3-7b51-4467-95f2-fb7ef877469a,your service is too good,5,2025-11-09,Dashen Bank
103,d5e77822-77c3-4c94-b062-4c36c8b6e210,it's good but is not fast,5,2025-11-09,Dashen Bank
104,09607d06-8ab3-45a4-bc8e-c824930c888a,good experience,5,2025-11-09,Dashen Bank
105,ef42c724-ee02-45e6-8c6f-f0f4a8ab7fc6,your financial system must improved,4,2025-11-09,Dashen Bank
106,898109d7-385c-4fc9-b8a6-bd6e2a303a39,NASTY BANK . EVEN THE SUPPER APP IS NOT WORKING WELL. WHEN I AM CALLING THEM THEY ARE NOT RESPONSE . PLEASE DON'T USE THIS APP BECAUSE YOU WILL LOSS YOU TIME ;ENERGY AND EVERYTHING . HOPELESS Bank .,1,2025-11-10,Dashen Bank
107,0564e4c4-c11e-4d31-b2d8-bdc5725ebb2c,very nice app I have ever seen,5,2025-11-10,Dashen Bank
108,fec786b2-90d3-454d-a63e-bf53bf71c2a6,"This so-called “Super App” is a complete disappointment. It’s confusing, slow, and full of glitches honestly, it feels like it was designed to test people’s patience, not to help them bank. Calling it “super” is a joke; it’s one of the most useless apps I’ve ever used.",1,2025-11-11,Dashen Bank
109,3a8163db-3a24-4d28-bba2-58bb438391aa,wow dashen bank super app,5,2025-11-12,Dashen Bank
110,292edafd-2214-4c68-a18e-744b5a0f3db4,"excellent app. to use perfectlly to pay,transfer,tele airtime and so on.",5,2025-11-12,Dashen Bank
111,a1d46fd6-d7a6-458a-b1a2-1b5679bd7c02,system failure transfer to others account,2,2025-11-13,Dashen Bank
112,3ece3a7c-9557-45ae-8053-2bf5568f2861,"Only the UI/UX is good, but it doesn't function properly. It's a shame that a leading tech bank has such an app. Amole is far better.",1,2025-11-13,Dashen Bank
113,53570f06-6252-49fc-9626-b9e88fe490a9,thank you,1,2025-11-13,Dashen Bank
114,35ecd30c-9d1c-40c7-90c0-592d9ea5d0bd,"All in One Super App with smooth navigation, transaction and lifestyle services",5,2025-11-14,Dashen Bank
115,b8b11ccd-acac-419e-8ffc-16c86972ffd9,I have had an amazing experience with this app;ot os convenient and easy to use,5,2025-11-14,Dashen Bank
116,02b493af-68e8-4109-95e9-38dfce50d742,smooth and easy!!!,5,2025-11-14,Dashen Bank
117,dbd90565-cfa7-4a22-a297-b37face26e17,Very nice App.,5,2025-11-14,Dashen Bank
118,ecafe965-6f57-4ef5-88ee-9ef8adca142d,clear and presize,5,2025-11-15,Dashen Bank
119,8babe417-ec30-4ba1-a860-03150c5daf7c,eyita tips,1,2025-11-15,Dashen Bank
120,27acef09-1136-4d2f-9f5d-82c4a30abd2d,nice,5,2025-11-16,Dashen Bank
121,15bd455e-6fb5-4dc8-8068-cc051fcd5d79,"it say's disable developer option, i disabled it but its not working still",1,2025-11-17,Dashen Bank
122,b2fb954d-1f3b-4b0b-9ab2-7a6da576cf26,with the super app evry thing i need is just a tap away,5,2025-11-17,Dashen Bank
123,bfff7fbc-253a-4538-9483-345a271fc2eb,በጣም ፈጣን ሥቹ አስተማማኝ ወድጃዋለው,5,2025-11-18,Dashen Bank
124,dabda953-ac0a-476a-8791-c6a66deebc20,"it's a really slow app, I'm not sure what the issue is. Even other bank transfers are not working",2,2025-11-18,Dashen Bank
125,eeb816b9-14d4-4d91-a3b5-90b391850faa,"The Dashen Super App is very impressive. It is fast, easy to use, and provides smooth access to all essential banking services. Money transfer, bill payment, balance check, and other features work efficiently without issues. The design is clean and user-friendly. Great step forward in digital banking — keep up the good work, Dashen Bank!..",5,2025-11-19,Dashen Bank
126,9b84c588-bde5-46b7-930c-c638ca26212d,Exceptional Product.,5,2025-11-23,Dashen Bank
127,3d668840-c868-4164-8efe-9295ef537613,very easy app,3,2025-11-23,Dashen Bank
128,d29af33e-3f63-4b7e-9312-b63f7d2c6724,What do you care about my phone's settings? Who are you to tell me what to turn off and on? It is my phone after all. This *develoler option* thing will cost you a lot of users who are willing to leave the bank once and for all. Turn this thing off. 6 you fear this is a security issue fix your side not mine.,1,2025-11-25,Dashen Bank
129,9504f5cc-7f16-4fe0-8ba5-f76eef162f8b,"its fast and easy to communicate to the app and its available all area keep it up.i will make Happy for this application thank you dashen bank for your effort,commitment and dedication. i appricated your work.",5,2025-11-26,Dashen Bank
130,157e868c-386f-4837-bb1f-1301dd194075,It Is An Amazing app,4,2025-11-28,Dashen Bank
131,3ea761da-10b0-472e-9c3f-89a9f23e4c88,good,5,2025-11-29,Dashen Bank
132,39f85efe-9d6d-4974-910c-4f7174f6a8e0,Very exemplery App to other Bank Aps !,5,2025-11-29,Dashen Bank
133,5860d6f3-15d5-456b-aabe-bf92bd885546,very smart App easy to use and friendly,5,2025-11-29,Dashen Bank
134,8a0203ea-da03-42dd-bde0-80e4188ee4d7,"this app is not good it's, access are limited and u guys are working only on it's graphics we need it for banking activities not for game. make it more active and better its dormant. i don't like it cbe is better than.",1,2025-11-30,Dashen Bank
135,3827cdde-0a32-46f1-b4d2-996d80947e26,good app,5,2025-11-30,Dashen Bank
136,944aa261-9166-4efd-bf85-a65f109da117,great app,5,2025-11-30,Dashen Bank
137,b797bfb7-bbba-4d0f-8e6d-9ab90528b136,its use friendly,4,2025-12-01,Dashen Bank
138,b3fdcfa0-0b98-438d-af7a-e04ee2d4c009,primary choice,5,2025-12-01,Dashen Bank
139,138d9273-481a-4d51-b347-7a7bb6b491ee,when u release update its always a problem,5,2025-12-01,Dashen Bank
140,7b09812d-c331-4668-ac63-9405b46fb9f8,Great,5,2025-12-01,Dashen Bank
141,b2fd3b79-249f-488a-9435-4d4bddda5cbd,best app,4,2025-12-01,Dashen Bank
142,c6405e6e-388a-439f-bcc6-222688006e5a,easy to use and comfortable.,5,2025-12-01,Dashen Bank
143,9982fb54-d701-4166-9d5d-902325f6977b,"its Good App when we compare to others but when we enter our code,it takes too long to open the apps fix it please",4,2025-12-01,Dashen Bank
144,853d49b8-e54a-459e-8011-6ad199abb578,"The apk need time to open the passward page immediately , and lagging.",1,2025-12-01,Dashen Bank
145,2fa9e59f-6910-4a49-a3f8-eb602e6f3f32,exelent,5,2025-12-02,Dashen Bank
146,8975b829-d73a-4d47-891f-c3e36579db8e,ፍፁምውርቁያደቴ,5,2025-12-02,Dashen Bank
147,0febecc8-6410-4b4b-9153-de60dff9cf81,ይህ መተግበሪያ በውስጡ የያዘው አገልግሎት ብጣም ጥሩ ነው ነገር ግን በሁሉም የሞባይል device ላይ ሲጫን እና transaction ስንሰራ በጣም ቀርፍፍ እና እዝጋሚ ነው በትንሽ Network መስራት እንዲችል አድርጋቹህ አበልፅጉት አስተካክሉት (customer),3,2025-12-02,Dashen Bank
148,9a568e36-0078-4640-bc87-603d0a6cc2b1,Nice,5,2025-12-02,Dashen Bank
149,2625526e-3c5c-4d3c-9f95-eb78d0817677,BeREkT,1,2025-12-02,Dashen Bank
150,fc1b36da-fbe5-4954-8ac3-7798a232f85b,Dashen bank is my first choice it's best bank for me and super app is easy to use anything and it's bery fast.,5,2025-12-02,Dashen Bank
151,11b82645-e9ac-45ee-a128-dd847534753d,nice,1,2025-12-02,Dashen Bank
152,3f379ea5-ae96-44d1-8d16-60e350863f79,good,5,2025-12-02,Dashen Bank
153,67e589b7-0c9b-428f-b44d-8c514ac0a774,"the is always under mentenance, or temporarily unavailable and they're adding features no one is looking for at the cost of not being able to use the app in the first place.",1,2025-12-02,Dashen Bank
154,a6a87b89-636e-4e2b-be00-14998293fe16,I always receive excellent service & follow up. they strive to complete customer needs. they always available. I am totally happy with Dashen services given. Thanks. Blessings.,5,2025-12-03,Dashen Bank
155,42197eb8-5836-4cc9-8238-1f9fc3f42a75,good jop,5,2025-12-03,Dashen Bank
156,b0f96f34-f3e2-44d8-a78f-5524ff9bcbef,it takes time to login. but after login its good but sometimes unexpected termination occur in which rises untrust to use usually the app. Because of this am forcely using other bank applications.,3,2025-12-03,Dashen Bank
157,6a6357ea-0567-4ec6-a74c-5778955add80,Interesting App.,5,2025-12-03,Dashen Bank
158,7f17324e-a225-4967-8b80-5da33a7be0e1,than u,5,2025-12-03,Dashen Bank
159,67584a76-8540-4894-ad46-c6d4d9f39737,why you always say update.,5,2025-12-04,Dashen Bank
160,ac29588e-8cce-4cd6-805a-c6f9ebc7e852,it's very expressive and fast and easy to Use.,5,2025-12-04,Dashen Bank
161,b5380caf-4aa9-4671-995f-0991e5e56810,very good,5,2025-12-04,Dashen Bank
162,a1b67a6c-5928-48ba-9e02-80d1a6ca01f0,this bank is very nice to me,5,2025-12-04,Dashen Bank
163,ae2839fd-f7fc-4e4a-be3f-433714062b15,it's the best mobile banking app I ever seen,5,2025-12-04,Dashen Bank
164,08c61e2e-e834-46f2-9483-d6a72ed7bb00,ምቹ እና ቀላል ምርጥ መተግበሪያ ነው ወድጄዋለሁ ።,5,2025-12-04,Dashen Bank
165,eba970c5-75ca-48dc-8426-df4766186cd2,Dashn Bank is fast and easy,5,2025-12-04,Dashen Bank
166,64234c7c-a869-4bef-bf36-9f233e6b6e78,Not good,1,2025-12-05,Dashen Bank
167,3f2c5f53-6c9f-463a-9625-a4542ad726fb,Dashen Bank always one step a head,5,2025-12-05,Dashen Bank
168,bf78e7bf-4074-45ee-9e72-200eb99eb496,dashen super app easy to use,5,2025-12-05,Dashen Bank
169,c3fb05ea-2671-4429-9022-0a554acd6a28,nice app,5,2025-12-05,Dashen Bank
170,1b43591f-0fd3-4ee5-b19d-8adba0b8fdc6,it was perfect but sending money to telebirr isn't available,2,2025-12-06,Dashen Bank
171,f8c96323-d95d-41d8-b847-44c554559969,ilike this app,5,2025-12-07,Dashen Bank
172,d7dae1d0-5aef-4562-95aa-948b63d3dfe7,አፑ ቆንጆ ነው ለምንጅነው አሞሌ ላይ ያሉ እሱ ላይ የሌሉት?,3,2025-12-07,Dashen Bank
173,350f98ef-1401-4839-82d2-2f0c62ba3baf,good,5,2025-12-08,Dashen Bank
174,43630291-4571-4e34-96d8-1d7ba7d174a9,it is so fantastic and user friendly app. Bravo Dashen bank thanks.,5,2025-12-09,Dashen Bank
175,f00ada07-14ac-4375-abcf-6db9a6891e11,well,5,2025-12-10,Dashen Bank
176,55918801-c4af-4e9d-bcda-9091d87475fa,best,5,2025-12-10,Dashen Bank
177,e05a6c19-66ba-480e-a3a2-a0fe0a7862bc,"The UI/UX appears well-designed, but it has some critical issues that need attention, such as the inability to display full transaction histories and the presence of numerous mini-apps within a single card view, making it difficult to locate individual mini-apps easily.",4,2025-12-11,Dashen Bank
178,dd12f72f-be4d-4310-9e23-843252b26bfd,its good app,5,2025-12-12,Dashen Bank
179,dd71b690-676a-4a15-b43f-2e8dcb659273,good,5,2025-12-12,Dashen Bank
180,29c95ab4-d56c-42a8-8359-0f3bed745374,"great app,thanks dashen",5,2025-12-12,Dashen Bank
181,42f577e5-fac3-4266-8c9d-9f5cbfb98db5,Good,5,2025-12-12,Dashen Bank
182,9e3b066a-1e70-49d1-ae15-c47970f9e492,"Simple, updated and all enclosive so I prefer it🙏",5,2025-12-12,Dashen Bank
183,21edf810-a3cd-4765-9a2e-694305cdb38d,great app,5,2025-12-13,Dashen Bank
184,eea73a58-a487-4afa-b566-f56b62f3067f,Great app! Why doesn’t it include digital loan features? Adding this option would be very helpful for customers.,2,2025-12-14,Dashen Bank
185,dc710bbc-0644-4a53-a391-79777e9d1d38,very good,5,2025-12-14,Dashen Bank
186,3093f5ed-1e41-42d2-9bd9-df76acfec838,This app is vey impressive,5,2025-12-15,Dashen Bank
187,c4f43673-5543-4989-ba06-b650de3d3200,nice,5,2025-12-16,Dashen Bank
188,718ea253-0049-49b5-a398-b53e99ef4b2c,dashing bank,5,2025-12-16,Dashen Bank
189,d0dd89b7-2531-4e28-91a4-5eb78e4f2f24,it is amazing app and also secure,5,2025-12-16,Dashen Bank
190,095e2f32-24e6-4d01-b753-12a73de7981e,Nice app.,5,2025-12-17,Dashen Bank
191,f19e3617-5c49-45b2-a2ea-a88672d4663b,goood app,4,2025-12-17,Dashen Bank
192,db8d2017-6ba7-4767-8e3e-89629fc9b589,perfect,5,2025-12-18,Dashen Bank
193,ae9a567b-002a-41a7-b6ad-87dcb3481ce6,i love dashe supper up. keep up my bank,5,2025-12-19,Dashen Bank
194,87352cc1-007d-49b1-946c-12bc7d2accfd,"An interesting app; that is convenient, user friendly, fast & so on... w/c leads the banking services to be digitalized locally and be competitive globally at large. We'r proud of DB!!",5,2025-12-20,Dashen Bank
195,6d9bdffe-6449-4d65-9346-164af7ad768e,it's good app I liked,5,2025-12-21,Dashen Bank
196,bed5c252-ccb4-46de-8af4-f8f538b79138,"the most experienced app, so nice job dashen bank s.c .",5,2025-12-21,Dashen Bank
197,c4af68f9-f9a7-4acd-8eb5-436d170143a2,Very good,5,2025-12-22,Dashen Bank
198,b356a780-bc21-4579-8b84-d7d5bbf1bf06,good,5,2025-12-22,Dashen Bank
199,df07031c-fccb-4cd6-9c1c-fdae81b83186,telebirr suparapp,5,2025-12-22,Dashen Bank
200,6ada461d-3b5b-481d-997e-adb30e29f4a7,it is a pity that this apk is loosing it purpose and focus diverted. this days it is trash. amole is by far better in serving its purpose,1,2025-12-23,Dashen Bank
201,bb7256a2-7d9d-49f9-9345-2f233d04d50f,Waw dashen bank my frist choice 👍👍,5,2025-12-26,Dashen Bank
202,ff51e310-74e6-47a3-8c95-6b21501189ff,Am satisfied more enough....with Dashen Bank,5,2025-12-26,Dashen Bank
203,1c48aed0-1313-4208-8b62-134df128d7bc,true app,5,2025-12-27,Dashen Bank
204,d7a63f61-e25b-4298-ad7a-90749c0f4810,"I have been trying repeatedly to send money to my Telebirr wallet and to another account, but your platform completely fails to process the transactions. This has been nothing but a waste of my time and patience. Your system is unreliable and clearly not working as it should. I also contacted your customer service, hoping for support, but they were useless and unprofessional. They showed zero interest in actually solving the problem and offered no meaningful help at all.👎👎👎",1,2025-12-28,Dashen Bank
205,077e3d43-2ff3-4133-9407-5f6613ac6bad,best 👌 app,5,2025-12-30,Dashen Bank
206,25c3821a-de6f-4a94-a0b0-74a263e764a5,"Very disappointing app. Other bank transfers don’t work at all I keep getting errors. It’s slow, unreliable, and frustrating Please fix this issue until then, I don’t recommend it",1,2025-12-31,Dashen Bank
207,c1bc85ce-b70c-420a-b6b9-d2a33feeee38,Very bad app I ever saw,1,2026-01-02,Dashen Bank
208,0e571046-2c0d-4737-80da-47b0eff9e267,satisfied,4,2026-01-03,Dashen Bank
209,1b7ef7c1-d163-4961-a363-8fedd747295f,best,5,2026-01-05,Dashen Bank
210,60ca46f9-961d-4c92-8907-31b180aee2c0,nice app,5,2026-01-07,Dashen Bank
211,54ec2a20-6d4c-4934-8f43-95bcbfc419ae,THE WORST BANK. THE WORST APP.,1,2026-01-08,Dashen Bank
212,77a7a958-e981-4656-aa44-545f89fb35d6,The old version was much better than the Super App. The Super App has many issues. You should consider rewarding users who report problems to help improve it and truly make it Super,3,2026-01-08,Dashen Bank
213,8f13d4ef-f0a4-4029-9b2c-8a4c790547f7,this app good,5,2026-01-09,Dashen Bank
214,6e114d46-b6cd-4ac4-9b39-611be7092468,"Dashen supper app is fast ,secure, user-friendly and reliable app that makes managing my daily transaction .This app gives me total control over my accounts with peace of mind.",5,2026-01-09,Dashen Bank
215,174d3fae-3d4c-469d-90b2-114bf6c23146,ባንችአታላይ ቤዛዊ ትሸዊት ዳሽንባንክ,1,2026-01-10,Dashen Bank
216,2abf1efe-1cec-4338-8634-09021baea912,good,5,2026-01-12,Dashen Bank
217,518ef9b0-d10b-4050-bded-274264c3207c,please adjust to send to other telebirr wallet,4,2026-01-14,Dashen Bank
218,a1391c2b-d752-4958-9736-97d42109189c,ok,4,2026-01-16,Dashen Bank
219,1b460630-9e14-45cb-88d5-7055125b6bb4,Important App,4,2026-01-16,Dashen Bank
220,a6373139-bc8f-4ebb-a4a6-3cb7dca672dc,verynice app great,5,2026-01-16,Dashen Bank
221,43cc1f17-022c-40bf-bf9f-ceffbb3c9a6e,higher like the mountain,5,2026-01-16,Dashen Bank
222,1d6b4cd8-20e9-45f2-9d7f-d6e19e80aae8,good app,5,2026-01-17,Dashen Bank
223,8e1548b0-efcb-403e-8d0f-b1ea3607ef18,dashen: always one stepbahead!,5,2026-01-17,Dashen Bank
224,cfde3219-e21a-4a2c-a7f5-e90ff6c1cf9d,worst bank ever ...,1,2026-01-19,Dashen Bank
225,bb86028d-9add-4e4d-8b33-98ee41d5a6f7,Masha Allah this application platform very active and fast so thank you so much future greater than above transaction other customers uster satisfaction regarding to digitalization of Ethiopia 2030 and world 🌎,5,2026-01-19,Dashen Bank
226,7652d004-5aa3-462e-b67f-de4070e6d297,it's fast and easy,4,2026-01-20,Dashen Bank
227,7d6a5851-25be-4c3a-b5c3-4382371acfe5,best in class bank,5,2026-01-20,Dashen Bank
228,a955d6cb-b438-4738-b92c-f83cfd104a8d,it's good,5,2026-01-20,Dashen Bank
229,cc45bd4c-7a94-4b35-a263-91d78315bb89,the best design speed attractive 😍 i love this app,5,2026-01-21,Dashen Bank
230,c430b46e-114e-45d3-856b-cbf57dc6c90d,"The user interface and functions are impressive. However, it lags when performing several transactions. It needs attention.",3,2026-01-21,Dashen Bank
231,e400120b-468d-4459-8f55-df9eba7abae1,Good 👍,5,2026-01-21,Dashen Bank
232,2342cc8c-e076-49d6-9dc7-732f605a245d,best,5,2026-01-23,Dashen Bank
233,4608547c-739b-4ac7-b46d-e27c93454e30,very nice,5,2026-01-23,Dashen Bank
234,2909bc94-fdc0-4c24-9d9a-152e5ce72d7f,the new update asks for a pin again & again its annoying fix it,1,2026-01-24,Dashen Bank
235,7e6b0461-96d9-4ac7-964b-6a814d73b738,my dashen is really proud,5,2026-01-24,Dashen Bank
236,ef0c2fb8-d3f8-4950-beed-9651046dff7d,best,5,2026-01-26,Dashen Bank
237,a6634d13-a99f-4055-b88c-6b798db4ef95,good,5,2026-01-27,Dashen Bank
238,e6882f24-3a49-48de-9396-b640949b2ff4,yes it's the best app,5,2026-01-29,Dashen Bank
239,17917129-79c7-42c0-afff-665f70c648af,please improve the app function on its not working properly,3,2026-01-29,Dashen Bank
240,1c7cd9b2-b724-4f09-aa90-64995a08c5c4,"This app is so laggy and unreliable, can't even make transaction to wallet or other bank. I tried to reinstall the app now i can't even login to the app",1,2026-01-30,Dashen Bank
241,79bc1baa-fe7d-4279-a2af-fde366ef6a71,"It is the slowest and most problematic app I have used. The app is often busy and does not open properly. Even when it opens, it fails to display my deposit account balance. I have already updated the app, but the issue is still the same. Dashen, please wake up and fix this.",1,2026-01-30,Dashen Bank
242,ac480727-3d8b-401c-b63e-ca22696cd93c,It is so boring.....,1,2026-01-30,Dashen Bank
243,505bfe32-be00-483f-8d32-cecfd517eef5,other bank and telebirr didn't work. Niged Bank is much better,1,2026-01-30,Dashen Bank
244,be72b26a-63e4-439e-a28b-04a8ab07058f,please the app is not working properly. fix this problem soon. it's not loading my balance and not able to transfer fund .,3,2026-01-30,Dashen Bank
245,a51fecd7-ae4d-417b-9b16-714fa1ae9234,stops working when you need it most.... and its on multiple occasions. and they won't even fix it right away.,1,2026-01-30,Dashen Bank
246,f0834baf-814d-44c3-a31d-a00e5f02aef7,"The app is great but please, please do something with the mini statement and the transactions to CBE 🙏🙏🙏",2,2026-01-31,Dashen Bank
247,0923f1c6-533a-48a1-b0a1-f788652fe1bd,መልክ ብቻ,1,2026-01-31,Dashen Bank
248,56c64a23-2cfa-472f-a57a-5bc56cfc0c23,"Disgusting! You can't Buy any goods thinking you will transfer from this app. it is so inconsistent, it is not reliable. The so Called Super app is Super slow. Such a shame! 2/10.",1,2026-01-31,Dashen Bank
249,c6aa427e-22fe-4fba-9d6f-4a1cf4e8fa89,"the amount of times I have gone to the bank to get this thing working is a lot. on top of that, it stops working on a random day which means another bank visit. found it to be unreliable",1,2026-01-31,Dashen Bank
250,4275d07a-f0f3-4034-8ee6-83e600707a37,"The most unreliable, frustrating and worst app I have ever used! imagine being in a restaurant and trying paying bills, but not processing! It is the time you will deeply understand what reliability means.",1,2026-02-01,Dashen Bank
251,c30dbd2e-2b50-4802-937a-f3d5ce66c22e,It's very interesting,5,2026-02-02,Dashen Bank
252,db51bf02-730a-4a18-a0fe-f4523a5b7d59,The most realistic and modernized financial service in ethiopia i recommend every individual to use this application probably. Always one step ahed 💯,5,2026-02-03,Dashen Bank
253,e707f587-634d-49e5-a00e-d4687a003916,This is the worst mobile banking app I've ever used 😡 please improve it.,1,2026-02-07,Dashen Bank
254,c0783bf0-e317-45e9-9c89-98c8d7da3b7b,Problem Everyday! Not even close to other banking apps. Crashing every time and failed to load most of the time!,1,2026-02-09,Dashen Bank
255,66fff829-d44c-41f9-a015-ae4756e3513f,please fix the glitch it has bug,3,2026-02-09,Dashen Bank
256,cd1fb73e-591a-41b6-b763-4a45eaec28d1,The app is good but sometimes it is lagging,4,2026-02-09,Dashen Bank
257,12090924-fdd9-4662-88a4-b085eac604eb,"the app used to work fine, but the last update ruined something even RTGS transfer isn't working",2,2026-02-10,Dashen Bank
258,873ed535-2191-412a-aa42-04c8770be006,Nice,5,2026-02-10,Dashen Bank
259,fd47e642-c12d-429f-8dd6-990f2794be59,"This is painfully very slow to load, switch between accounts and check balances.",1,2026-02-13,Dashen Bank
260,fc470dbd-d7b4-4496-b741-1c58a6353057,Mostly slow or doesn't open altogether. A clumsy app,2,2026-02-16,Dashen Bank
261,fa56d43c-712e-458b-a198-5847ee17b7f6,One of the best in Ethiopia,5,2026-02-20,Dashen Bank
262,1c4be7d0-cbf6-4046-be73-4f3d7f231517,ok,5,2026-02-20,Dashen Bank
263,6c4fa0f4-9cce-43e1-8008-a57369161d1a,perfect,5,2026-02-21,Dashen Bank
264,1d857c36-95d1-4cf6-bfa7-d7730e6c267f,"Dashen Bank SuperApp is user‑friendly, fast, and very convenient for daily banking. Transactions are smooth, and the app keeps improving with useful features. A great digital banking experience overall highly recommended.",5,2026-02-23,Dashen Bank
265,0d3706b4-c1ca-47f5-95f1-603aaa2aab14,very important,5,2026-02-23,Dashen Bank
266,a48a15b4-9f0f-4cc2-b823-56bc1c2314b3,Biometrc authentication is not working in this updated version.,3,2026-02-23,Dashen Bank
267,e2ebf3a6-807d-48ae-8a14-703dd758a156,Thank you. Very nice App.,5,2026-02-25,Dashen Bank
268,882a390d-cee8-4fdc-b92d-eb5b9c6a35ef,"What's the problem with VPN?, i use a local VPN and turning that off for this app sucks",1,2026-02-25,Dashen Bank
269,b23e8a53-3b8f-4b54-952d-e86ecd3ff27d,I use this app it's best,5,2026-02-25,Dashen Bank
270,0c3f0d1d-79a5-4821-990a-87d59e6b651a,yes waw,5,2026-02-26,Dashen Bank
271,4d294c03-077b-4aa7-be00-c8e4aba6e746,waw,5,2026-02-27,Dashen Bank
272,55d74ee5-63ee-4870-ae4b-da694b8824aa,birhanu debebe getahuu,5,2026-02-27,Dashen Bank
273,7200ec14-1630-4f75-a373-6d48a9525d93,it works all we need but if there is good internet connection.,3,2026-03-01,Dashen Bank
274,ed4f3ac6-c53f-4830-b573-966243744659,good but not fast,1,2026-03-03,Dashen Bank
275,bf9bcc23-07a1-444b-8af6-eb14c2f54a42,dashen bank super up,5,2026-03-05,Dashen Bank
276,65eb07cc-2eeb-41e1-917d-7ecaec59f059,ሁሌ አይሰራም መሽከርከር ብቻ ባላንስ አያሳይ ትራንስፈር አይሰራ አፑ ራሱ አይከፍት ብር ይቆርጣል እንጂ አይልክ ። ወሬ ብቻ 4 ወር አየውት ወሬ ቲሽ,1,2026-03-05,Dashen Bank
277,b58219cc-fd55-4ab7-b183-a00a590b3f2a,Nice,4,2026-03-06,Dashen Bank
278,4ed1b355-d092-4b9d-a4cf-205ece7b5e92,ዳሸን ሱፐር አፕ ይለያል,5,2026-03-07,Dashen Bank
279,5eda8185-65db-41f7-979e-bd07e2d4c783,good job,4,2026-03-07,Dashen Bank
280,9862ce32-6ac2-43b7-8881-4e4ef3468e2c,Good luck 👍 for my ambition ✔️💯%,4,2026-03-08,Dashen Bank
281,577789b9-668f-4183-a920-a8c1b442a71c,so funy,5,2026-03-08,Dashen Bank
282,7d7a23eb-fa79-4b05-a927-b3b99cf8e371,Excellent,5,2026-03-08,Dashen Bank
283,f226b03e-d474-483a-9fa9-31709c012817,best,5,2026-03-10,Dashen Bank
284,16b5445c-964f-4185-97b3-cecd4fdc9c01,worst application,1,2026-03-11,Dashen Bank
285,5580be5c-7ed2-4b1d-bb9b-b6cafd790560,like 🥰,5,2026-03-12,Dashen Bank
286,42704c60-d7db-4cff-93b7-53c4871812cc,good,5,2026-03-14,Dashen Bank
287,a7bfeb33-54ff-47a1-a83c-46d84f7fb6c3,best option,5,2026-03-16,Dashen Bank
288,a2b3affe-c1e1-4108-a35d-ab409d38bc65,amaizing app,5,2026-03-17,Dashen Bank
289,5e93d6f9-bc44-4d6b-87df-890138dd817b,💯,5,2026-03-17,Dashen Bank
290,87ff4668-6a15-4640-81c6-f30f85099c33,👍🏿good,5,2026-03-21,Dashen Bank
291,a4be05a1-05d5-41e8-aceb-4773ee01e360,ምርጥ ነው።,5,2026-03-22,Dashen Bank
292,10ea374d-d91e-4d54-a0be-c48a2004fbaf,very good,5,2026-03-25,Dashen Bank
293,8f40ee84-3d47-4a3a-a7e9-f2c63bfb50e0,i got question why we can't withdraw my remaining 50 birr..... anyother bank let me with draw any amount but dashnbank is kinda of annoying it says it has 50 has to remain are u somekind of theif or tell me how to fix this😡😡,1,2026-03-28,Dashen Bank
294,634e5adb-d780-4107-a375-cda6beb32e8b,"The app is grand. but it's missing two things. one is the option to see exchange rates and the other is, when opening the app we would love it if there is the option to input your biometrics directly instead of clicking another button to pop it up.",5,2026-03-31,Dashen Bank
295,39d8e8f3-badf-456a-b409-69e0e7db8ce3,nice app,4,2026-04-01,Dashen Bank
296,6d81b20b-96ae-4664-b24c-131fc63536f3,good,4,2026-04-01,Dashen Bank
297,b30bdda9-63c0-431d-a0e7-cc485d0e3a66,this dashin super app that I don't recommend anyone use it,1,2026-04-04,Dashen Bank
298,cc72c26f-da3b-401d-990f-d51ecb5eefc3,great,5,2026-04-04,Dashen Bank
299,2fabd807-9d14-4c1f-b567-2201617754cb,there is no a system every day,1,2026-04-04,Dashen Bank
300,4638e4cb-411c-4647-a1ea-f3642a6fe7e3,You talk much more !! Nothing is UNIQUE THAN OTHER APPS!!!,1,2026-04-04,Dashen Bank
301,94070648-cf44-45d2-b311-27f8675bfc1b,በዋይፋይ አይሰራም።,1,2026-04-04,Dashen Bank
302,e90d181a-be75-4e03-a35c-a87aeb6236d9,The Best Bank,5,2026-04-05,Dashen Bank
303,2854439c-f623-4de2-81cc-ea729f4451c3,Why haven’t you fixed this issue 👇 Temporarily Unavailable We're currently updating this service to improve your experience. It will be restored soon. Thank you for your patience,4,2026-04-06,Dashen Bank
304,358ba04f-2094-4fc1-a881-43d33bd7ede7,where is the virtual master card you are talking about. are we allowed to have multiple cards since its virtual btw your app is nice,5,2026-04-06,Dashen Bank
305,4365988e-468a-4a6e-af73-ccd23c3b4a37,it is not working,1,2026-04-07,Dashen Bank
306,830fca56-4dc8-41b4-9912-88a32447ebf6,👌👌👌👌,5,2026-04-08,Dashen Bank
307,947c5dc8-64aa-4a46-b891-0337a3e4b897,super fast,5,2026-04-08,Dashen Bank
308,31cbfd68-6a61-4040-9b6d-361b4c33d21a,Transfer to other bank link is still not working .,5,2026-04-09,Dashen Bank
309,561647c7-7479-4686-ac65-a4370312a4ac,it is very Exciting app🙏,5,2026-04-09,Dashen Bank
310,459b766c-3929-4c90-9e3d-81b44cb3354f,The worst mobile banking app in Ethiopia🤮🤮🤮,1,2026-04-10,Dashen Bank
311,fb33e7a7-964b-4067-842d-23f8347fc37e,i have used this app starting from the first date that launched it is interested and easiest app next to tellbirr in my experience,5,2026-04-11,Dashen Bank
312,e0db81c5-313d-4f20-91db-4f55bf16cc74,ok,5,2026-04-15,Dashen Bank
313,08dfb2b3-9337-492c-84b9-d14765fdd02d,nice but i ask every week to update.,5,2026-04-16,Dashen Bank
314,97536f33-ec3c-4169-8131-2c4fad78fb23,"I am experiencing a serious issue with the Dashen Super App. I visited a branch and my account was successfully activated. However, shortly after (within about 7 hours), the app started asking me again to visit the branch. In addition, my account balance is not showing even after updating the app, and I can no longer see my account number. This situation is very frustrating, especially after completing the required verification at the branch. The system does not seem stable and it is affecting",1,2026-04-16,Dashen Bank
315,7e4e6617-2677-411d-9429-c86519de11a2,The app is not swift and does not use a fast lightweight connection.,2,2026-04-17,Dashen Bank
316,639463b3-5cde-4d81-b37e-6ac1fb26ca08,"i am not interested at all the transaction fee , specially i can't make transaction with wallets..........i thought it was cool ....not interested fix everything and also it have long time loading ufffff",2,2026-04-18,Dashen Bank
317,e6fa3a55-7728-4bd9-a557-3e6ab81c9b0c,good,5,2026-04-18,Dashen Bank
318,ecc9fcb8-777c-4b02-a578-5ca0750f8706,amazing,5,2026-04-18,Dashen Bank
319,a61e3c0b-0d81-4a52-b029-8cc5e254845d,The worst mobile banking app ever... I don't think I am ever going to deposit anything from now on if I can't use the app properly. At one point it's working and when you close it and try after 5 minutes it won't even open. A bank this big should be ashamed of not being able to fix it for this long.,1,2026-04-18,Dashen Bank
320,479d224c-0508-492a-9f24-265fded06214,it is excellent and well securried application for using it.,5,2026-04-19,Dashen Bank
321,4708fdc6-fa37-4620-bfd8-f0408cc9cecf,app size is small and the app is convenient,5,2026-04-22,Dashen Bank
322,fc9277ad-4b3f-4945-bc8b-557e8b781e21,I used this app always,5,2026-04-22,Dashen Bank
323,d7b5f423-6f75-4c30-9008-e3744b4600b0,when compared this app to CBE&Awash pro CBE&Awash pro is better and simple for using.,1,2026-04-22,Dashen Bank
324,052a6722-d1b0-47a5-befb-2266cffb83dc,Very reliable.,5,2026-04-22,Dashen Bank
325,67b03522-d4e8-4577-b6de-3e50e57e49b8,Good app,5,2026-04-22,Dashen Bank
326,3e88bf92-6bd7-4646-a32f-0d89dfb2cab3,good bank Dashen,5,2026-04-22,Dashen Bank
327,3c39078f-856e-4f2a-b716-2c6bbe5ea7c7,adegn,5,2026-04-23,Dashen Bank
328,36372104-6f08-477a-ae08-93b402d0ee2c,ok👌,5,2026-04-23,Dashen Bank
329,f4d905ad-988c-4591-bd05-fc47734410fa,I realy appreciate it especially virtual card opportunity go a head!👍👍,5,2026-04-23,Dashen Bank
330,817d10d7-5f06-42ae-ba70-38fd01e08eda,super app give alot coin when I shake it zero result😃,1,2026-04-23,Dashen Bank
331,ba2ba02d-36dd-464c-81aa-b7271d9e90de,👍,5,2026-04-23,Dashen Bank
332,81713c19-6d42-4949-9c49-05bb86cb051e,cool app,3,2026-04-23,Dashen Bank
333,9869b2fa-143a-4907-a2b9-1cd863dab7bb,Dashen app is #1,5,2026-04-23,Dashen Bank
334,89b31891-07d8-4838-81a1-bdf36b6c67e2,dashen bank super app is incredible !!,3,2026-04-24,Dashen Bank
335,d5c6b41c-b083-48c9-ad85-38cb42cfeae5,wow amazing!!!,5,2026-04-24,Dashen Bank
336,be869197-1401-4f57-98b5-bf516d92f292,good,5,2026-04-24,Dashen Bank
337,8d128a80-d815-48d9-9451-7fa42e7aa3ae,nice,5,2026-04-24,Dashen Bank
338,6e125ab1-7727-4bc5-a665-dfecacd09878,So great easy wonderfully 😍😍😍,5,2026-04-24,Dashen Bank
339,273db250-bbe7-421f-a068-4dddfb0ef124,I think this app is best compared with other Ethiopian mobile banking apps,5,2026-04-25,Dashen Bank
340,69aa1e41-650a-4ebd-8ead-0b4be1e2230c,couldn't open an account onlie. gives me an error repeatedly.,2,2026-04-26,Dashen Bank
341,11ad9a52-afd1-4bd2-9846-3a55ae3288b2,great app,5,2026-04-26,Dashen Bank
342,80cf526f-b342-4351-a373-45cb38ac132b,wowAmazing Apps,5,2026-04-26,Dashen Bank
343,1acd2e0b-bce4-4fdb-8d4c-f8efa7eb0c3d,good,5,2026-04-26,Dashen Bank
344,f04071db-8efb-4ab7-a630-23afd311e97f,"I can't even get into the app just because my Developer mode setting is turned on? why am I getting this message? I'm never turning it off. bye, what a great app😏, it only lasted 3 minutes on my phone (I uninstalled it).",1,2026-04-26,Dashen Bank
345,62898ce9-3e85-488e-96fc-b9e54c2047cf,super,5,2026-04-27,Dashen Bank
346,72039950-7406-4fcd-bec5-19dfde02e7b2,good,5,2026-04-27,Dashen Bank
347,e4c18ede-7a95-48c9-b0f8-0db83fe26191,"Misguiding - Claimed people can convert ETB to USD for online payments, but not true.",1,2026-04-27,Dashen Bank
348,9ef4967b-61cd-460f-8f33-d5359a4c2939,it forgets the password in weeks and the biometric password too it says wrong password fix it,1,2026-04-28,Dashen Bank
349,c915f258-9dea-42e9-900d-20077006ad7f,no faset dashen bsnk,1,2026-04-29,Dashen Bank
350,c25d42d9-8060-4a37-8492-26abc65ae73c,best,5,2026-04-30,Dashen Bank
351,77977fdf-eb0d-4a72-93c9-31c8f4249249,"👍👍 አሪፍ ነው ""ለአጠቃም ቀላል ምቹ እና አስተማማኝ ነው ተመችቶኛል 💚💛❤️",5,2026-04-30,Dashen Bank
352,4703619b-96cd-482f-a100-7a0d460fb93e,ok,5,2026-04-30,Dashen Bank
353,b37a3ed6-026a-426b-8ac9-f957a847a44d,I can't open a bank account It says 'something went wrong',5,2026-04-30,Dashen Bank
354,33aba156-de27-4096-8d63-9bcc3e890480,Wrong advertisement! You can't open an account using the app.,1,2026-05-01,Dashen Bank
355,fdcc9b38-156a-4c4d-9ea4-4efe953189c8,I like it,5,2026-05-01,Dashen Bank
356,071649cd-5bd6-4d89-8c9a-08ec934ebf8d,very interesting,5,2026-05-03,Dashen Bank
357,00a951b8-2c47-4a39-bd8d-6620f65763bb,yes goode app,5,2026-05-04,Dashen Bank
358,33915bd9-74fa-4ff7-9b31-a2d3abb01fcb,Best app👍,5,2026-05-04,Dashen Bank
359,d40c1a6c-675f-41a1-afd9-db5435cd365e,best app,5,2026-05-06,Dashen Bank
360,1ed4529d-195a-4aea-94ab-322951a0f5ba,"Dashen Supper up Dashen Bank ,Always one step ahead!",5,2026-05-08,Dashen Bank
361,56411fd2-d30b-4196-963b-c01446fd0cb1,top mobile banking app,5,2026-05-08,Dashen Bank
362,cfb817ad-236a-4390-acbf-4fd1f3b2630b,Thank you Dashen Bank,5,2026-05-08,Dashen Bank
363,fea94eb2-8044-4f6d-99f8-4dc2566c49f3,best app,5,2026-05-08,Dashen Bank
364,8f7b9345-9fb9-4aa2-968e-7fab01efe7ab,dashin bank one step a head,5,2026-05-08,Dashen Bank
365,87b8a693-a799-47e8-bbae-8e2c54be7db2,Nice,5,2026-05-08,Dashen Bank
366,6e11f887-175b-4dfd-a0f5-37cd407cfdcf,nice bank,5,2026-05-08,Dashen Bank
367,47d5f9a2-bdb9-44a0-86d3-20566aa64d4b,good app,5,2026-05-08,Dashen Bank
368,d0155863-fe05-42c1-8dc5-761628839468,The best mobile super app in Ethiopia specifically I like it's User interface(UI),4,2026-05-08,Dashen Bank
369,523d1cac-39b0-43e1-a58e-9bf41ba4fb99,Good,5,2026-05-08,Dashen Bank
370,267bc779-3955-45e6-9924-3ca9258c740d,appn keessan kun daddafee update gaafata yeroo gootee garuu password block godhaa maallifi,5,2026-05-09,Dashen Bank
371,484bb204-6ec2-4f83-bbfb-38b192227902,best app,5,2026-05-09,Dashen Bank
372,ff65a1e6-08ab-4b69-9519-898af730d7d3,best but not staple suit and not fast,5,2026-05-09,Dashen Bank
373,29676917-abff-45ee-b8b7-ad4df0673a15,Dashen super app is the latest mobile banking.,5,2026-05-09,Dashen Bank
374,e85ad0c2-be37-494e-9932-90abcf379c54,good,5,2026-05-09,Dashen Bank
375,c77f77ce-8911-47ff-8ef8-c282395a60f2,it is terrible and shame update request 3 times a month what is the matter with us?,1,2026-05-09,Dashen Bank
376,681ad5dc-07e1-460c-bc79-84bdcbc080bf,nice financial app 👌,5,2026-05-10,Dashen Bank
377,1bea6573-ccee-42a9-8625-1d78536db154,it is best but sometime when I need to sign in it request update,3,2026-05-10,Dashen Bank
378,c95d64b1-557b-4695-b66b-f2315d55c48c,best app i ever seen,5,2026-05-11,Dashen Bank
379,2f3c3a25-5022-4e2b-8090-0be0fda09f74,easy tp use.,5,2026-05-11,Dashen Bank
380,15e7f782-ce40-4927-a035-f0f73b2b5631,good but it takes forever to load,4,2026-05-11,Dashen Bank
381,3ac00147-9251-4c11-a6fa-35579bcd67d5,fast and very easy to use,5,2026-05-11,Dashen Bank
382,fbca52ab-3c9e-4199-83bc-ef1cb7cbb1eb,this app is amaizing,5,2026-05-11,Dashen Bank
383,d84810ac-35af-4044-bcc4-2866cde7d441,excelent,5,2026-05-12,Dashen Bank
384,6392f0ac-7404-4939-9863-2a275db40dd2,good,5,2026-05-12,Dashen Bank
385,c04ae465-9539-4f17-b6bd-62711206e770,The application booting time is so bad..,3,2026-05-12,Dashen Bank
386,3cba8ce3-0124-43fb-87c2-e2f1000dd366,smart app,5,2026-05-12,Dashen Bank
387,41170efe-a4b7-482c-83d1-fea6fa51993d,"Very bad customer service line. they won't pick up, dialed repeatedly. waited on hold for 20 minutes+. The worst customer service line I have experienced from a big bank.",1,2026-05-12,Dashen Bank
388,abf6804b-429f-4383-94a1-5a5955c27569,bad mobile banking at all,1,2026-05-13,Dashen Bank
389,265cfda4-296c-4676-bc76-032559a65ec2,very nice app.,5,2026-05-13,Dashen Bank
390,eaeb3ab3-2f40-49c2-be8f-8d434331b7cb,"Good app, but debit transactions not allowed Why ?",5,2026-05-13,Dashen Bank
391,24e6a87a-ec94-489c-b9e6-4ed8e33a70a9,nice,5,2026-05-13,Dashen Bank
392,94a4413f-40c7-4842-b31c-43f70aff0686,very difficult app,1,2026-05-13,Dashen Bank
393,fd76bc39-9ee1-4a56-b784-3c6e46f83d39,good and easier to used,5,2026-05-14,Dashen Bank
394,3cf7873a-56b2-4e5d-b963-eb31a72d3fc7,"i swear to god , By using this app, I won a Samsung S23 Ultra. Truly, Dashen Bank is one step ahead 👏👏",5,2026-05-14,Dashen Bank
395,105aa71e-1e72-4618-899b-78a321a5258b,good,5,2026-05-14,Dashen Bank
396,fc184115-ab13-482b-bb08-798589a4d482,good app but it was doesnt work other bank transfer and require so many updates why,5,2026-05-14,Dashen Bank
397,59a20f9e-bb87-4d5f-bee7-ce19f19baddf,good,5,2026-05-14,Dashen Bank
398,b4a7ea95-727b-4501-8d84-77db88187c84,good,5,2026-05-14,Dashen Bank
399,78284116-8313-4ca8-a28c-61ce4fa44ee6,Very Annoying App i tried to open virtual bank account with fayda but in the end it says something went wrong i tried so many times it says something went wrong why???fix it quickly for now i give you 1/5👎👎👎,1,2026-05-14,Dashen Bank
